{"Rects":[{"Position":{"x":-330.0,"y":-396.0,"normalized":{"x":-0.640184343,"y":-0.768221259,"normalized":{"x":-0.6401844,"y":-0.7682213,"magnitude":1.0,"sqrMagnitude":1.00000012},"magnitude":0.99999994,"sqrMagnitude":0.9999999},"magnitude":515.4765,"sqrMagnitude":265716.0},"SizeDelta":{"x":200.0,"y":200.0,"normalized":{"x":0.707106769,"y":0.707106769,"magnitude":1.0,"sqrMagnitude":0.99999994},"magnitude":282.8427,"sqrMagnitude":80000.0},"AnchorMin":{"y":1.0,"magnitude":1.0,"sqrMagnitude":1.0},"AnchorMax":{"y":1.0,"magnitude":1.0,"sqrMagnitude":1.0},"AnchoredPosition":{"x":170.0,"y":-996.0,"normalized":{"x":0.168249547,"y":-0.9857444,"magnitude":1.0,"sqrMagnitude":0.99999994},"magnitude":1010.40387,"sqrMagnitude":1020916.0},"IsItemVisible":true},{"Position":{"y":-395.999939,"normalized":{"y":-1.0,"magnitude":1.0,"sqrMagnitude":1.0},"magnitude":395.999939,"sqrMagnitude":156815.953},"SizeDelta":{"x":200.0,"y":200.0,"normalized":{"x":0.707106769,"y":0.707106769,"magnitude":1.0,"sqrMagnitude":0.99999994},"magnitude":282.8427,"sqrMagnitude":80000.0},"AnchorMin":{"y":1.0,"magnitude":1.0,"sqrMagnitude":1.0},"AnchorMax":{"y":1.0,"magnitude":1.0,"sqrMagnitude":1.0},"AnchoredPosition":{"x":500.0,"y":-995.999939,"normalized":{"x":0.448648721,"y":-0.8937082,"magnitude":1.0,"sqrMagnitude":1.00000012},"magnitude":1114.45764,"sqrMagnitude":1242015.88},"IsItemVisible":true},{"Position":{"x":330.0,"y":-395.999939,"normalized":{"x":0.640184462,"y":-0.7682212,"magnitude":1.0,"sqrMagnitude":0.99999994},"magnitude":515.47644,"sqrMagnitude":265715.938},"SizeDelta":{"x":200.0,"y":200.0,"normalized":{"x":0.707106769,"y":0.707106769,"magnitude":1.0,"sqrMagnitude":0.99999994},"magnitude":282.8427,"sqrMagnitude":80000.0},"AnchorMin":{"y":1.0,"magnitude":1.0,"sqrMagnitude":1.0},"AnchorMax":{"y":1.0,"magnitude":1.0,"sqrMagnitude":1.0},"AnchoredPosition":{"x":830.0,"y":-995.999939,"normalized":{"x":0.640184462,"y":-0.7682213,"normalized":{"x":0.6401844,"y":-0.7682212,"normalized":{"x":0.640184462,"y":-0.768221259,"magnitude":1.0,"sqrMagnitude":1.0},"magnitude":0.99999994,"sqrMagnitude":0.9999999},"magnitude":1.00000012,"sqrMagnitude":1.00000012},"magnitude":1296.50134,"sqrMagnitude":1680915.88},"IsItemVisible":true},{"Position":{"x":-200.0,"y":363.0,"normalized":{"x":-0.482566983,"y":0.8758591,"magnitude":1.0,"sqrMagnitude":1.0},"magnitude":414.450226,"sqrMagnitude":171769.0},"SizeDelta":{"x":200.0,"y":200.0,"normalized":{"x":0.707106769,"y":0.707106769,"magnitude":1.0,"sqrMagnitude":0.99999994},"magnitude":282.8427,"sqrMagnitude":80000.0},"AnchorMin":{"y":1.0,"magnitude":1.0,"sqrMagnitude":1.0},"AnchorMax":{"y":1.0,"magnitude":1.0,"sqrMagnitude":1.0},"AnchoredPosition":{"x":300.0,"y":-237.0,"normalized":{"x":0.784681857,"y":-0.6198987,"magnitude":1.0,"sqrMagnitude":1.0},"magnitude":382.320557,"sqrMagnitude":146169.0},"IsItemVisible":true},{"Position":{"x":-200.0,"y":-37.0,"normalized":{"x":-0.9833146,"y":-0.1819132,"magnitude":1.0,"sqrMagnitude":0.99999994},"magnitude":203.3937,"sqrMagnitude":41369.0},"SizeDelta":{"x":200.0,"y":200.0,"normalized":{"x":0.707106769,"y":0.707106769,"magnitude":1.0,"sqrMagnitude":0.99999994},"magnitude":282.8427,"sqrMagnitude":80000.0},"AnchorMin":{"y":1.0,"magnitude":1.0,"sqrMagnitude":1.0},"AnchorMax":{"y":1.0,"magnitude":1.0,"sqrMagnitude":1.0},"AnchoredPosition":{"x":300.0,"y":-637.0,"normalized":{"x":0.4260706,"y":-0.9046899,"magnitude":1.0,"sqrMagnitude":1.0},"magnitude":704.108643,"sqrMagnitude":495769.0},"IsItemVisible":true},{"Position":{"x":200.0,"y":-37.0,"normalized":{"x":0.9833146,"y":-0.1819132,"magnitude":1.0,"sqrMagnitude":0.99999994},"magnitude":203.3937,"sqrMagnitude":41369.0},"SizeDelta":{"x":200.0,"y":200.0,"normalized":{"x":0.707106769,"y":0.707106769,"magnitude":1.0,"sqrMagnitude":0.99999994},"magnitude":282.8427,"sqrMagnitude":80000.0},"AnchorMin":{"y":1.0,"magnitude":1.0,"sqrMagnitude":1.0},"AnchorMax":{"y":1.0,"magnitude":1.0,"sqrMagnitude":1.0},"AnchoredPosition":{"x":700.0,"y":-637.0,"normalized":{"x":0.7396053,"y":-0.6730408,"normalized":{"x":0.739605367,"y":-0.673040867,"magnitude":1.0,"sqrMagnitude":1.00000012},"magnitude":0.99999994,"sqrMagnitude":0.99999994},"magnitude":946.450745,"sqrMagnitude":895769.0},"IsItemVisible":true},{"Position":{"x":200.0,"y":363.000031,"normalized":{"x":0.482566953,"y":0.8758591,"magnitude":1.0,"sqrMagnitude":1.0},"magnitude":414.450256,"sqrMagnitude":171769.016},"SizeDelta":{"x":200.0,"y":200.0,"normalized":{"x":0.707106769,"y":0.707106769,"magnitude":1.0,"sqrMagnitude":0.99999994},"magnitude":282.8427,"sqrMagnitude":80000.0},"AnchorMin":{"y":1.0,"magnitude":1.0,"sqrMagnitude":1.0},"AnchorMax":{"y":1.0,"magnitude":1.0,"sqrMagnitude":1.0},"AnchoredPosition":{"x":700.0,"y":-236.999969,"normalized":{"x":0.9471844,"y":-0.320689529,"magnitude":1.0,"sqrMagnitude":1.0},"magnitude":739.0325,"sqrMagnitude":546169.0},"IsItemVisible":true}]}