{"Rects":[{"Position":{"x":-200.0,"y":250.0,"normalized":{"x":-0.624695,"y":0.780868769,"normalized":{"x":-0.624695063,"y":0.7808688,"magnitude":1.0,"sqrMagnitude":1.0},"magnitude":0.99999994,"sqrMagnitude":0.9999999},"magnitude":320.156219,"sqrMagnitude":102500.0},"SizeDelta":{"x":200.0,"y":200.0,"normalized":{"x":0.707106769,"y":0.707106769,"magnitude":1.0,"sqrMagnitude":0.99999994},"magnitude":282.8427,"sqrMagnitude":80000.0},"AnchorMin":{"y":1.0,"magnitude":1.0,"sqrMagnitude":1.0},"AnchorMax":{"y":1.0,"magnitude":1.0,"sqrMagnitude":1.0},"AnchoredPosition":{"x":300.0,"y":-350.0,"normalized":{"x":0.650791347,"y":-0.7592566,"magnitude":1.0,"sqrMagnitude":0.99999994},"magnitude":460.977234,"sqrMagnitude":212500.0},"IsItemVisible":true},{"Position":{"x":200.0,"y":250.0,"normalized":{"x":0.624695,"y":0.780868769,"normalized":{"x":0.624695063,"y":0.7808688,"magnitude":1.0,"sqrMagnitude":1.0},"magnitude":0.99999994,"sqrMagnitude":0.9999999},"magnitude":320.156219,"sqrMagnitude":102500.0},"SizeDelta":{"x":200.0,"y":200.0,"normalized":{"x":0.707106769,"y":0.707106769,"magnitude":1.0,"sqrMagnitude":0.99999994},"magnitude":282.8427,"sqrMagnitude":80000.0},"AnchorMin":{"y":1.0,"magnitude":1.0,"sqrMagnitude":1.0},"AnchorMax":{"y":1.0,"magnitude":1.0,"sqrMagnitude":1.0},"AnchoredPosition":{"x":700.0,"y":-350.0,"normalized":{"x":0.8944272,"y":-0.4472136,"magnitude":1.0,"sqrMagnitude":1.0},"magnitude":782.6238,"sqrMagnitude":612500.0},"IsItemVisible":true},{"Position":{"x":-200.0,"y":-250.0,"normalized":{"x":-0.624695,"y":-0.780868769,"normalized":{"x":-0.624695063,"y":-0.7808688,"magnitude":1.0,"sqrMagnitude":1.0},"magnitude":0.99999994,"sqrMagnitude":0.9999999},"magnitude":320.156219,"sqrMagnitude":102500.0},"SizeDelta":{"x":200.0,"y":200.0,"normalized":{"x":0.707106769,"y":0.707106769,"magnitude":1.0,"sqrMagnitude":0.99999994},"magnitude":282.8427,"sqrMagnitude":80000.0},"AnchorMin":{"y":1.0,"magnitude":1.0,"sqrMagnitude":1.0},"AnchorMax":{"y":1.0,"magnitude":1.0,"sqrMagnitude":1.0},"AnchoredPosition":{"x":300.0,"y":-850.0,"normalized":{"x":0.332820117,"y":-0.942990363,"magnitude":1.0,"sqrMagnitude":1.0},"magnitude":901.3878,"sqrMagnitude":812500.0},"IsItemVisible":true},{"Position":{"x":200.0,"y":-250.0,"normalized":{"x":0.624695,"y":-0.780868769,"normalized":{"x":0.624695063,"y":-0.7808688,"magnitude":1.0,"sqrMagnitude":1.0},"magnitude":0.99999994,"sqrMagnitude":0.9999999},"magnitude":320.156219,"sqrMagnitude":102500.0},"SizeDelta":{"x":200.0,"y":200.0,"normalized":{"x":0.707106769,"y":0.707106769,"magnitude":1.0,"sqrMagnitude":0.99999994},"magnitude":282.8427,"sqrMagnitude":80000.0},"AnchorMin":{"y":1.0,"magnitude":1.0,"sqrMagnitude":1.0},"AnchorMax":{"y":1.0,"magnitude":1.0,"sqrMagnitude":1.0},"AnchoredPosition":{"x":700.0,"y":-850.0,"normalized":{"x":0.635707259,"y":-0.7719303,"magnitude":1.0,"sqrMagnitude":1.00000012},"magnitude":1101.13574,"sqrMagnitude":1212500.0},"IsItemVisible":true}]}