{"Rects":[{"Position":{"x":7.0,"y":404.0,"normalized":{"x":0.0173241328,"y":0.9998499,"magnitude":1.0,"sqrMagnitude":1.0},"magnitude":404.060638,"sqrMagnitude":163265.0},"SizeDelta":{"x":300.0,"y":300.0,"normalized":{"x":0.707106769,"y":0.707106769,"magnitude":1.0,"sqrMagnitude":0.99999994},"magnitude":424.264069,"sqrMagnitude":180000.0},"AnchorMin":{"x":0.5,"y":0.5,"normalized":{"x":0.707106769,"y":0.707106769,"magnitude":1.0,"sqrMagnitude":0.99999994},"magnitude":0.707106769,"sqrMagnitude":0.5},"AnchorMax":{"x":0.5,"y":0.5,"normalized":{"x":0.707106769,"y":0.707106769,"magnitude":1.0,"sqrMagnitude":0.99999994},"magnitude":0.707106769,"sqrMagnitude":0.5},"AnchoredPosition":{"x":7.0,"y":404.0,"normalized":{"x":0.0173241328,"y":0.9998499,"magnitude":1.0,"sqrMagnitude":1.0},"magnitude":404.060638,"sqrMagnitude":163265.0},"IsItemVisible":true},{"Position":{"y":-400.0,"normalized":{"y":-1.0,"magnitude":1.0,"sqrMagnitude":1.0},"magnitude":400.0,"sqrMagnitude":160000.0},"SizeDelta":{"x":200.0,"y":200.0,"normalized":{"x":0.707106769,"y":0.707106769,"magnitude":1.0,"sqrMagnitude":0.99999994},"magnitude":282.8427,"sqrMagnitude":80000.0},"AnchorMin":{"x":0.5,"y":0.5,"normalized":{"x":0.707106769,"y":0.707106769,"magnitude":1.0,"sqrMagnitude":0.99999994},"magnitude":0.707106769,"sqrMagnitude":0.5},"AnchorMax":{"x":0.5,"y":0.5,"normalized":{"x":0.707106769,"y":0.707106769,"magnitude":1.0,"sqrMagnitude":0.99999994},"magnitude":0.707106769,"sqrMagnitude":0.5},"AnchoredPosition":{"y":-400.0,"normalized":{"y":-1.0,"magnitude":1.0,"sqrMagnitude":1.0},"magnitude":400.0,"sqrMagnitude":160000.0},"IsItemVisible":true},{"Position":{"x":-292.999969,"y":-40.0,"normalized":{"x":-0.99080956,"y":-0.135264114,"magnitude":1.0,"sqrMagnitude":0.99999994},"magnitude":295.717743,"sqrMagnitude":87448.9844},"SizeDelta":{"x":300.0,"y":300.0,"normalized":{"x":0.707106769,"y":0.707106769,"magnitude":1.0,"sqrMagnitude":0.99999994},"magnitude":424.264069,"sqrMagnitude":180000.0},"AnchorMin":{"x":0.5,"y":0.5,"normalized":{"x":0.707106769,"y":0.707106769,"magnitude":1.0,"sqrMagnitude":0.99999994},"magnitude":0.707106769,"sqrMagnitude":0.5},"AnchorMax":{"x":0.5,"y":0.5,"normalized":{"x":0.707106769,"y":0.707106769,"magnitude":1.0,"sqrMagnitude":0.99999994},"magnitude":0.707106769,"sqrMagnitude":0.5},"AnchoredPosition":{"x":-292.999969,"y":-40.0,"normalized":{"x":-0.99080956,"y":-0.135264114,"magnitude":1.0,"sqrMagnitude":0.99999994},"magnitude":295.717743,"sqrMagnitude":87448.9844},"IsItemVisible":true},{"Position":{"x":259.0,"y":10.0,"normalized":{"x":0.9992554,"y":0.03858129,"normalized":{"x":0.9992555,"y":0.0385812931,"magnitude":1.0,"sqrMagnitude":1.0},"magnitude":0.99999994,"sqrMagnitude":0.9999999},"magnitude":259.193,"sqrMagnitude":67181.0},"SizeDelta":{"x":300.0,"y":300.0,"normalized":{"x":0.707106769,"y":0.707106769,"magnitude":1.0,"sqrMagnitude":0.99999994},"magnitude":424.264069,"sqrMagnitude":180000.0},"AnchorMin":{"x":0.5,"y":0.5,"normalized":{"x":0.707106769,"y":0.707106769,"magnitude":1.0,"sqrMagnitude":0.99999994},"magnitude":0.707106769,"sqrMagnitude":0.5},"AnchorMax":{"x":0.5,"y":0.5,"normalized":{"x":0.707106769,"y":0.707106769,"magnitude":1.0,"sqrMagnitude":0.99999994},"magnitude":0.707106769,"sqrMagnitude":0.5},"AnchoredPosition":{"x":259.0,"y":10.0,"normalized":{"x":0.9992554,"y":0.03858129,"normalized":{"x":0.9992555,"y":0.0385812931,"magnitude":1.0,"sqrMagnitude":1.0},"magnitude":0.99999994,"sqrMagnitude":0.9999999},"magnitude":259.193,"sqrMagnitude":67181.0},"IsItemVisible":true}]}