{"Rects":[{"Position":{"y":500.0,"normalized":{"y":1.0,"magnitude":1.0,"sqrMagnitude":1.0},"magnitude":500.0,"sqrMagnitude":250000.0},"SizeDelta":{"x":300.0,"y":300.0,"normalized":{"x":0.707106769,"y":0.707106769,"magnitude":1.0,"sqrMagnitude":0.99999994},"magnitude":424.264069,"sqrMagnitude":180000.0},"AnchorMin":{"x":0.5,"y":0.5,"normalized":{"x":0.707106769,"y":0.707106769,"magnitude":1.0,"sqrMagnitude":0.99999994},"magnitude":0.707106769,"sqrMagnitude":0.5},"AnchorMax":{"x":0.5,"y":0.5,"normalized":{"x":0.707106769,"y":0.707106769,"magnitude":1.0,"sqrMagnitude":0.99999994},"magnitude":0.707106769,"sqrMagnitude":0.5},"AnchoredPosition":{"y":500.0,"normalized":{"y":1.0,"magnitude":1.0,"sqrMagnitude":1.0},"magnitude":500.0,"sqrMagnitude":250000.0},"IsItemVisible":true},{"Position":{"x":330.0,"y":-219.0,"normalized":{"x":0.833213747,"y":-0.552951,"normalized":{"x":0.8332138,"y":-0.552951038,"magnitude":1.0,"sqrMagnitude":1.00000012},"magnitude":0.99999994,"sqrMagnitude":0.99999994},"magnitude":396.056824,"sqrMagnitude":156861.0},"SizeDelta":{"x":300.0,"y":300.0,"normalized":{"x":0.707106769,"y":0.707106769,"magnitude":1.0,"sqrMagnitude":0.99999994},"magnitude":424.264069,"sqrMagnitude":180000.0},"AnchorMin":{"x":0.5,"y":0.5,"normalized":{"x":0.707106769,"y":0.707106769,"magnitude":1.0,"sqrMagnitude":0.99999994},"magnitude":0.707106769,"sqrMagnitude":0.5},"AnchorMax":{"x":0.5,"y":0.5,"normalized":{"x":0.707106769,"y":0.707106769,"magnitude":1.0,"sqrMagnitude":0.99999994},"magnitude":0.707106769,"sqrMagnitude":0.5},"AnchoredPosition":{"x":330.0,"y":-219.0,"normalized":{"x":0.833213747,"y":-0.552951,"normalized":{"x":0.8332138,"y":-0.552951038,"magnitude":1.0,"sqrMagnitude":1.00000012},"magnitude":0.99999994,"sqrMagnitude":0.99999994},"magnitude":396.056824,"sqrMagnitude":156861.0},"IsItemVisible":true},{"Position":{"x":-386.86,"y":-219.0,"normalized":{"x":-0.870235,"y":-0.4926368,"magnitude":1.0,"sqrMagnitude":1.0},"magnitude":444.54657,"sqrMagnitude":197621.641},"SizeDelta":{"x":300.0,"y":300.0,"normalized":{"x":0.707106769,"y":0.707106769,"magnitude":1.0,"sqrMagnitude":0.99999994},"magnitude":424.264069,"sqrMagnitude":180000.0},"AnchorMin":{"x":0.5,"y":0.5,"normalized":{"x":0.707106769,"y":0.707106769,"magnitude":1.0,"sqrMagnitude":0.99999994},"magnitude":0.707106769,"sqrMagnitude":0.5},"AnchorMax":{"x":0.5,"y":0.5,"normalized":{"x":0.707106769,"y":0.707106769,"magnitude":1.0,"sqrMagnitude":0.99999994},"magnitude":0.707106769,"sqrMagnitude":0.5},"AnchoredPosition":{"x":-386.86,"y":-219.0,"normalized":{"x":-0.870235,"y":-0.4926368,"magnitude":1.0,"sqrMagnitude":1.0},"magnitude":444.54657,"sqrMagnitude":197621.641},"IsItemVisible":true}]}