{"Rects":[{"Position":{"x":-330.0,"y":400.0,"normalized":{"x":-0.636383,"y":0.771373332,"normalized":{"x":-0.636382937,"y":0.7713732,"normalized":{"x":-0.636383,"y":0.7713733,"magnitude":1.0,"sqrMagnitude":1.0},"magnitude":0.99999994,"sqrMagnitude":0.9999999},"magnitude":1.00000012,"sqrMagnitude":1.00000012},"magnitude":518.555664,"sqrMagnitude":268900.0},"SizeDelta":{"x":200.0,"y":200.0,"normalized":{"x":0.707106769,"y":0.707106769,"magnitude":1.0,"sqrMagnitude":0.99999994},"magnitude":282.8427,"sqrMagnitude":80000.0},"AnchorMin":{"y":1.0,"magnitude":1.0,"sqrMagnitude":1.0},"AnchorMax":{"y":1.0,"magnitude":1.0,"sqrMagnitude":1.0},"AnchoredPosition":{"x":170.0,"y":-200.0,"normalized":{"x":0.6476484,"y":-0.7619393,"normalized":{"x":0.647648454,"y":-0.761939347,"magnitude":1.0,"sqrMagnitude":1.00000012},"magnitude":0.99999994,"sqrMagnitude":0.99999994},"magnitude":262.4881,"sqrMagnitude":68900.0},"IsItemVisible":true},{"Position":{"y":400.0,"normalized":{"y":1.0,"magnitude":1.0,"sqrMagnitude":1.0},"magnitude":400.0,"sqrMagnitude":160000.0},"SizeDelta":{"x":200.0,"y":200.0,"normalized":{"x":0.707106769,"y":0.707106769,"magnitude":1.0,"sqrMagnitude":0.99999994},"magnitude":282.8427,"sqrMagnitude":80000.0},"AnchorMin":{"y":1.0,"magnitude":1.0,"sqrMagnitude":1.0},"AnchorMax":{"y":1.0,"magnitude":1.0,"sqrMagnitude":1.0},"AnchoredPosition":{"x":500.0,"y":-200.0,"normalized":{"x":0.9284767,"y":-0.371390671,"magnitude":1.0,"sqrMagnitude":1.0},"magnitude":538.5165,"sqrMagnitude":290000.0},"IsItemVisible":true},{"Position":{"x":330.0,"y":400.0,"normalized":{"x":0.636383,"y":0.771373332,"normalized":{"x":0.636382937,"y":0.7713732,"normalized":{"x":0.636383,"y":0.7713733,"magnitude":1.0,"sqrMagnitude":1.0},"magnitude":0.99999994,"sqrMagnitude":0.9999999},"magnitude":1.00000012,"sqrMagnitude":1.00000012},"magnitude":518.555664,"sqrMagnitude":268900.0},"SizeDelta":{"x":200.0,"y":200.0,"normalized":{"x":0.707106769,"y":0.707106769,"magnitude":1.0,"sqrMagnitude":0.99999994},"magnitude":282.8427,"sqrMagnitude":80000.0},"AnchorMin":{"y":1.0,"magnitude":1.0,"sqrMagnitude":1.0},"AnchorMax":{"y":1.0,"magnitude":1.0,"sqrMagnitude":1.0},"AnchoredPosition":{"x":830.0,"y":-200.0,"normalized":{"x":0.9721742,"y":-0.23425886,"magnitude":1.0,"sqrMagnitude":0.99999994},"magnitude":853.7564,"sqrMagnitude":728900.0},"IsItemVisible":true},{"Position":{"x":-200.0,"normalized":{"x":-1.0,"magnitude":1.0,"sqrMagnitude":1.0},"magnitude":200.0,"sqrMagnitude":40000.0},"SizeDelta":{"x":200.0,"y":200.0,"normalized":{"x":0.707106769,"y":0.707106769,"magnitude":1.0,"sqrMagnitude":0.99999994},"magnitude":282.8427,"sqrMagnitude":80000.0},"AnchorMin":{"y":1.0,"magnitude":1.0,"sqrMagnitude":1.0},"AnchorMax":{"y":1.0,"magnitude":1.0,"sqrMagnitude":1.0},"AnchoredPosition":{"x":300.0,"y":-600.0,"normalized":{"x":0.44721362,"y":-0.89442724,"magnitude":1.0,"sqrMagnitude":1.00000012},"magnitude":670.8204,"sqrMagnitude":450000.0},"IsItemVisible":true},{"Position":{"x":-200.0,"y":-400.0,"normalized":{"x":-0.4472136,"y":-0.8944272,"magnitude":1.0,"sqrMagnitude":1.0},"magnitude":447.2136,"sqrMagnitude":200000.0},"SizeDelta":{"x":200.0,"y":200.0,"normalized":{"x":0.707106769,"y":0.707106769,"magnitude":1.0,"sqrMagnitude":0.99999994},"magnitude":282.8427,"sqrMagnitude":80000.0},"AnchorMin":{"y":1.0,"magnitude":1.0,"sqrMagnitude":1.0},"AnchorMax":{"y":1.0,"magnitude":1.0,"sqrMagnitude":1.0},"AnchoredPosition":{"x":300.0,"y":-1000.0,"normalized":{"x":0.287347883,"y":-0.9578263,"magnitude":1.0,"sqrMagnitude":1.0},"magnitude":1044.03064,"sqrMagnitude":1090000.0},"IsItemVisible":true},{"Position":{"x":200.0,"y":-400.0,"normalized":{"x":0.4472136,"y":-0.8944272,"magnitude":1.0,"sqrMagnitude":1.0},"magnitude":447.2136,"sqrMagnitude":200000.0},"SizeDelta":{"x":200.0,"y":200.0,"normalized":{"x":0.707106769,"y":0.707106769,"magnitude":1.0,"sqrMagnitude":0.99999994},"magnitude":282.8427,"sqrMagnitude":80000.0},"AnchorMin":{"y":1.0,"magnitude":1.0,"sqrMagnitude":1.0},"AnchorMax":{"y":1.0,"magnitude":1.0,"sqrMagnitude":1.0},"AnchoredPosition":{"x":700.0,"y":-1000.0,"normalized":{"x":0.573462367,"y":-0.8192319,"magnitude":1.0,"sqrMagnitude":1.0},"magnitude":1220.65552,"sqrMagnitude":1490000.0},"IsItemVisible":true},{"Position":{"x":200.0,"normalized":{"x":1.0,"magnitude":1.0,"sqrMagnitude":1.0},"magnitude":200.0,"sqrMagnitude":40000.0},"SizeDelta":{"x":200.0,"y":200.0,"normalized":{"x":0.707106769,"y":0.707106769,"magnitude":1.0,"sqrMagnitude":0.99999994},"magnitude":282.8427,"sqrMagnitude":80000.0},"AnchorMin":{"y":1.0,"magnitude":1.0,"sqrMagnitude":1.0},"AnchorMax":{"y":1.0,"magnitude":1.0,"sqrMagnitude":1.0},"AnchoredPosition":{"x":700.0,"y":-600.0,"normalized":{"x":0.7592566,"y":-0.650791347,"magnitude":1.0,"sqrMagnitude":0.99999994},"magnitude":921.954468,"sqrMagnitude":850000.0},"IsItemVisible":true}]}