{"Rects":[{"Position":{"x":330.0,"y":350.0,"normalized":{"x":0.686012864,"y":0.7275894,"magnitude":1.0,"sqrMagnitude":1.0},"magnitude":481.040527,"sqrMagnitude":231400.0},"SizeDelta":{"x":200.0,"y":200.0,"normalized":{"x":0.707106769,"y":0.707106769,"magnitude":1.0,"sqrMagnitude":0.99999994},"magnitude":282.8427,"sqrMagnitude":80000.0},"AnchorMin":{"y":1.0,"magnitude":1.0,"sqrMagnitude":1.0},"AnchorMax":{"y":1.0,"magnitude":1.0,"sqrMagnitude":1.0},"AnchoredPosition":{"x":830.0,"y":-250.0,"normalized":{"x":0.9575082,"y":-0.288406074,"magnitude":1.0,"sqrMagnitude":1.0},"magnitude":866.8333,"sqrMagnitude":751400.0},"IsItemVisible":true},{"Position":{"x":-110.0,"y":130.0,"normalized":{"x":-0.6459422,"y":0.76338625,"normalized":{"x":-0.6459423,"y":0.7633863,"magnitude":1.0,"sqrMagnitude":1.00000012},"magnitude":0.99999994,"sqrMagnitude":0.9999999},"magnitude":170.293869,"sqrMagnitude":29000.0},"SizeDelta":{"x":200.0,"y":200.0,"normalized":{"x":0.707106769,"y":0.707106769,"magnitude":1.0,"sqrMagnitude":0.99999994},"magnitude":282.8427,"sqrMagnitude":80000.0},"AnchorMin":{"y":1.0,"magnitude":1.0,"sqrMagnitude":1.0},"AnchorMax":{"y":1.0,"magnitude":1.0,"sqrMagnitude":1.0},"AnchoredPosition":{"x":390.0,"y":-470.0,"normalized":{"x":0.6385725,"y":-0.7695617,"magnitude":1.0,"sqrMagnitude":1.00000012},"magnitude":610.737244,"sqrMagnitude":373000.0},"IsItemVisible":true},{"Position":{"x":110.0,"y":-90.0,"normalized":{"x":0.773957253,"y":-0.6332378,"normalized":{"x":0.7739573,"y":-0.633237839,"magnitude":1.0,"sqrMagnitude":1.00000012},"magnitude":0.99999994,"sqrMagnitude":0.99999994},"magnitude":142.126709,"sqrMagnitude":20200.0},"SizeDelta":{"x":200.0,"y":200.0,"normalized":{"x":0.707106769,"y":0.707106769,"magnitude":1.0,"sqrMagnitude":0.99999994},"magnitude":282.8427,"sqrMagnitude":80000.0},"AnchorMin":{"y":1.0,"magnitude":1.0,"sqrMagnitude":1.0},"AnchorMax":{"y":1.0,"magnitude":1.0,"sqrMagnitude":1.0},"AnchoredPosition":{"x":610.0,"y":-690.0,"normalized":{"x":0.662339568,"y":-0.7492038,"magnitude":1.0,"sqrMagnitude":1.0},"magnitude":920.9777,"sqrMagnitude":848200.0},"IsItemVisible":true},{"Position":{"x":-330.0,"y":-310.0,"normalized":{"x":-0.7288481,"y":-0.684675455,"magnitude":1.0,"sqrMagnitude":1.0},"magnitude":452.769257,"sqrMagnitude":205000.0},"SizeDelta":{"x":200.0,"y":200.0,"normalized":{"x":0.707106769,"y":0.707106769,"magnitude":1.0,"sqrMagnitude":0.99999994},"magnitude":282.8427,"sqrMagnitude":80000.0},"AnchorMin":{"y":1.0,"magnitude":1.0,"sqrMagnitude":1.0},"AnchorMax":{"y":1.0,"magnitude":1.0,"sqrMagnitude":1.0},"AnchoredPosition":{"x":170.0,"y":-910.0,"normalized":{"x":0.1836363,"y":-0.982994258,"magnitude":1.0,"sqrMagnitude":1.0},"magnitude":925.7429,"sqrMagnitude":857000.0},"IsItemVisible":true}]}