{"Rects":[{"Position":{"x":-150.0,"y":150.0,"normalized":{"x":-0.707106769,"y":0.707106769,"magnitude":1.0,"sqrMagnitude":0.99999994},"magnitude":212.132034,"sqrMagnitude":45000.0},"SizeDelta":{"x":200.0,"y":200.0,"normalized":{"x":0.707106769,"y":0.707106769,"magnitude":1.0,"sqrMagnitude":0.99999994},"magnitude":282.8427,"sqrMagnitude":80000.0},"AnchorMin":{"y":1.0,"magnitude":1.0,"sqrMagnitude":1.0},"AnchorMax":{"y":1.0,"magnitude":1.0,"sqrMagnitude":1.0},"AnchoredPosition":{"x":350.0,"y":-450.0,"normalized":{"x":0.6139406,"y":-0.789352238,"magnitude":1.0,"sqrMagnitude":1.0},"magnitude":570.0877,"sqrMagnitude":325000.0},"IsItemVisible":true},{"Position":{"x":150.0,"y":150.0,"normalized":{"x":0.707106769,"y":0.707106769,"magnitude":1.0,"sqrMagnitude":0.99999994},"magnitude":212.132034,"sqrMagnitude":45000.0},"SizeDelta":{"x":200.0,"y":200.0,"normalized":{"x":0.707106769,"y":0.707106769,"magnitude":1.0,"sqrMagnitude":0.99999994},"magnitude":282.8427,"sqrMagnitude":80000.0},"AnchorMin":{"y":1.0,"magnitude":1.0,"sqrMagnitude":1.0},"AnchorMax":{"y":1.0,"magnitude":1.0,"sqrMagnitude":1.0},"AnchoredPosition":{"x":650.0,"y":-450.0,"normalized":{"x":0.8221922,"y":-0.56921,"magnitude":1.0,"sqrMagnitude":1.0},"magnitude":790.5694,"sqrMagnitude":625000.0},"IsItemVisible":true},{"Position":{"x":-150.0,"y":-150.0,"normalized":{"x":-0.707106769,"y":-0.707106769,"magnitude":1.0,"sqrMagnitude":0.99999994},"magnitude":212.132034,"sqrMagnitude":45000.0},"SizeDelta":{"x":200.0,"y":200.0,"normalized":{"x":0.707106769,"y":0.707106769,"magnitude":1.0,"sqrMagnitude":0.99999994},"magnitude":282.8427,"sqrMagnitude":80000.0},"AnchorMin":{"y":1.0,"magnitude":1.0,"sqrMagnitude":1.0},"AnchorMax":{"y":1.0,"magnitude":1.0,"sqrMagnitude":1.0},"AnchoredPosition":{"x":350.0,"y":-750.0,"normalized":{"x":0.422885448,"y":-0.9061831,"magnitude":1.0,"sqrMagnitude":0.99999994},"magnitude":827.6473,"sqrMagnitude":685000.0},"IsItemVisible":true},{"Position":{"x":150.0,"y":-150.0,"normalized":{"x":0.707106769,"y":-0.707106769,"magnitude":1.0,"sqrMagnitude":0.99999994},"magnitude":212.132034,"sqrMagnitude":45000.0},"SizeDelta":{"x":200.0,"y":200.0,"normalized":{"x":0.707106769,"y":0.707106769,"magnitude":1.0,"sqrMagnitude":0.99999994},"magnitude":282.8427,"sqrMagnitude":80000.0},"AnchorMin":{"y":1.0,"magnitude":1.0,"sqrMagnitude":1.0},"AnchorMax":{"y":1.0,"magnitude":1.0,"sqrMagnitude":1.0},"AnchoredPosition":{"x":650.0,"y":-750.0,"normalized":{"x":0.654930532,"y":-0.7556891,"magnitude":1.0,"sqrMagnitude":1.0},"magnitude":992.4717,"sqrMagnitude":985000.0},"IsItemVisible":true}]}