{"Rects":[{"Position":{"y":100.0,"normalized":{"y":1.0,"magnitude":1.0,"sqrMagnitude":1.0},"magnitude":100.0,"sqrMagnitude":10000.0},"SizeDelta":{"x":200.0,"y":200.0,"normalized":{"x":0.707106769,"y":0.707106769,"magnitude":1.0,"sqrMagnitude":0.99999994},"magnitude":282.8427,"sqrMagnitude":80000.0},"AnchorMin":{"x":0.5,"y":0.5,"normalized":{"x":0.707106769,"y":0.707106769,"magnitude":1.0,"sqrMagnitude":0.99999994},"magnitude":0.707106769,"sqrMagnitude":0.5},"AnchorMax":{"x":0.5,"y":0.5,"normalized":{"x":0.707106769,"y":0.707106769,"magnitude":1.0,"sqrMagnitude":0.99999994},"magnitude":0.707106769,"sqrMagnitude":0.5},"AnchoredPosition":{"y":100.0,"normalized":{"y":1.0,"magnitude":1.0,"sqrMagnitude":1.0},"magnitude":100.0,"sqrMagnitude":10000.0},"IsItemVisible":true},{"Position":{"x":-300.0,"y":300.0,"normalized":{"x":-0.707106769,"y":0.707106769,"magnitude":1.0,"sqrMagnitude":0.99999994},"magnitude":424.264069,"sqrMagnitude":180000.0},"SizeDelta":{"x":200.0,"y":200.0,"normalized":{"x":0.707106769,"y":0.707106769,"magnitude":1.0,"sqrMagnitude":0.99999994},"magnitude":282.8427,"sqrMagnitude":80000.0},"AnchorMin":{"y":1.0,"magnitude":1.0,"sqrMagnitude":1.0},"AnchorMax":{"y":1.0,"magnitude":1.0,"sqrMagnitude":1.0},"AnchoredPosition":{"x":200.0,"y":-300.0,"normalized":{"x":0.5547002,"y":-0.8320503,"magnitude":1.0,"sqrMagnitude":1.0},"magnitude":360.5551,"sqrMagnitude":130000.0},"IsItemVisible":true},{"Position":{"x":300.0,"y":300.0,"normalized":{"x":0.707106769,"y":0.707106769,"magnitude":1.0,"sqrMagnitude":0.99999994},"magnitude":424.264069,"sqrMagnitude":180000.0},"SizeDelta":{"x":200.0,"y":200.0,"normalized":{"x":0.707106769,"y":0.707106769,"magnitude":1.0,"sqrMagnitude":0.99999994},"magnitude":282.8427,"sqrMagnitude":80000.0},"AnchorMin":{"y":1.0,"magnitude":1.0,"sqrMagnitude":1.0},"AnchorMax":{"y":1.0,"magnitude":1.0,"sqrMagnitude":1.0},"AnchoredPosition":{"x":800.0,"y":-300.0,"normalized":{"x":0.9363292,"y":-0.351123422,"magnitude":1.0,"sqrMagnitude":1.0},"magnitude":854.4004,"sqrMagnitude":730000.0},"IsItemVisible":true},{"Position":{"x":-330.0,"y":-150.0,"normalized":{"x":-0.9103664,"y":-0.413802922,"normalized":{"x":-0.9103665,"y":-0.413802952,"magnitude":1.0,"sqrMagnitude":1.0},"magnitude":0.99999994,"sqrMagnitude":0.9999999},"magnitude":362.4914,"sqrMagnitude":131400.0},"SizeDelta":{"x":200.0,"y":200.0,"normalized":{"x":0.707106769,"y":0.707106769,"magnitude":1.0,"sqrMagnitude":0.99999994},"magnitude":282.8427,"sqrMagnitude":80000.0},"AnchorMin":{"y":1.0,"magnitude":1.0,"sqrMagnitude":1.0},"AnchorMax":{"y":1.0,"magnitude":1.0,"sqrMagnitude":1.0},"AnchoredPosition":{"x":170.0,"y":-750.0,"normalized":{"x":0.221059039,"y":-0.975260437,"magnitude":1.0,"sqrMagnitude":1.0},"magnitude":769.0253,"sqrMagnitude":591400.0},"IsItemVisible":true},{"Position":{"y":-300.0,"normalized":{"y":-1.0,"magnitude":1.0,"sqrMagnitude":1.0},"magnitude":300.0,"sqrMagnitude":90000.0},"SizeDelta":{"x":200.0,"y":200.0,"normalized":{"x":0.707106769,"y":0.707106769,"magnitude":1.0,"sqrMagnitude":0.99999994},"magnitude":282.8427,"sqrMagnitude":80000.0},"AnchorMin":{"y":1.0,"magnitude":1.0,"sqrMagnitude":1.0},"AnchorMax":{"y":1.0,"magnitude":1.0,"sqrMagnitude":1.0},"AnchoredPosition":{"x":500.0,"y":-900.0,"normalized":{"x":0.48564294,"y":-0.8741573,"magnitude":1.0,"sqrMagnitude":1.00000012},"magnitude":1029.563,"sqrMagnitude":1060000.0},"IsItemVisible":true},{"Position":{"x":330.0,"y":-150.0,"normalized":{"x":0.9103664,"y":-0.413802922,"normalized":{"x":0.9103665,"y":-0.413802952,"magnitude":1.0,"sqrMagnitude":1.0},"magnitude":0.99999994,"sqrMagnitude":0.9999999},"magnitude":362.4914,"sqrMagnitude":131400.0},"SizeDelta":{"x":200.0,"y":200.0,"normalized":{"x":0.707106769,"y":0.707106769,"magnitude":1.0,"sqrMagnitude":0.99999994},"magnitude":282.8427,"sqrMagnitude":80000.0},"AnchorMin":{"y":1.0,"magnitude":1.0,"sqrMagnitude":1.0},"AnchorMax":{"y":1.0,"magnitude":1.0,"sqrMagnitude":1.0},"AnchoredPosition":{"x":830.0,"y":-750.0,"normalized":{"x":0.7419592,"y":-0.670445,"magnitude":1.0,"sqrMagnitude":1.0},"magnitude":1118.65991,"sqrMagnitude":1251400.0},"IsItemVisible":true}]}