{"Rects":[{"Position":{"x":-330.0,"y":-390.0,"normalized":{"x":-0.6459422,"y":-0.7633863,"magnitude":1.0,"sqrMagnitude":1.0},"magnitude":510.8816,"sqrMagnitude":261000.0},"SizeDelta":{"x":200.0,"y":200.0,"normalized":{"x":0.707106769,"y":0.707106769,"magnitude":1.0,"sqrMagnitude":0.99999994},"magnitude":282.8427,"sqrMagnitude":80000.0},"AnchorMin":{"y":1.0,"magnitude":1.0,"sqrMagnitude":1.0},"AnchorMax":{"y":1.0,"magnitude":1.0,"sqrMagnitude":1.0},"AnchoredPosition":{"x":170.0,"y":-990.0,"normalized":{"x":0.169240117,"y":-0.985574841,"magnitude":1.0,"sqrMagnitude":1.0},"magnitude":1004.48993,"sqrMagnitude":1009000.0},"IsItemVisible":true},{"Position":{"y":-389.999939,"normalized":{"y":-1.0,"magnitude":1.0,"sqrMagnitude":1.0},"magnitude":389.999939,"sqrMagnitude":152099.953},"SizeDelta":{"x":200.0,"y":200.0,"normalized":{"x":0.707106769,"y":0.707106769,"magnitude":1.0,"sqrMagnitude":0.99999994},"magnitude":282.8427,"sqrMagnitude":80000.0},"AnchorMin":{"y":1.0,"magnitude":1.0,"sqrMagnitude":1.0},"AnchorMax":{"y":1.0,"magnitude":1.0,"sqrMagnitude":1.0},"AnchoredPosition":{"x":500.0,"y":-989.999939,"normalized":{"x":0.450816542,"y":-0.8926167,"magnitude":1.0,"sqrMagnitude":1.00000012},"magnitude":1109.09863,"sqrMagnitude":1230099.88},"IsItemVisible":true},{"Position":{"x":330.0,"y":-389.999939,"normalized":{"x":0.64594233,"y":-0.76338625,"magnitude":1.0,"sqrMagnitude":1.00000012},"magnitude":510.881531,"sqrMagnitude":260999.953},"SizeDelta":{"x":200.0,"y":200.0,"normalized":{"x":0.707106769,"y":0.707106769,"magnitude":1.0,"sqrMagnitude":0.99999994},"magnitude":282.8427,"sqrMagnitude":80000.0},"AnchorMin":{"y":1.0,"magnitude":1.0,"sqrMagnitude":1.0},"AnchorMax":{"y":1.0,"magnitude":1.0,"sqrMagnitude":1.0},"AnchoredPosition":{"x":830.0,"y":-989.999939,"normalized":{"x":0.642465651,"y":-0.766314447,"magnitude":1.0,"sqrMagnitude":0.99999994},"magnitude":1291.89783,"sqrMagnitude":1668999.88},"IsItemVisible":true},{"Position":{"x":-330.0,"y":154.0,"normalized":{"x":-0.9061831,"y":0.422885478,"magnitude":1.0,"sqrMagnitude":1.0},"magnitude":364.1648,"sqrMagnitude":132616.0},"SizeDelta":{"x":200.0,"y":200.0,"normalized":{"x":0.707106769,"y":0.707106769,"magnitude":1.0,"sqrMagnitude":0.99999994},"magnitude":282.8427,"sqrMagnitude":80000.0},"AnchorMin":{"y":1.0,"magnitude":1.0,"sqrMagnitude":1.0},"AnchorMax":{"y":1.0,"magnitude":1.0,"sqrMagnitude":1.0},"AnchoredPosition":{"x":170.0,"y":-446.0,"normalized":{"x":0.356169552,"y":-0.9344213,"normalized":{"x":0.356169581,"y":-0.93442136,"magnitude":1.0,"sqrMagnitude":1.0},"magnitude":0.99999994,"sqrMagnitude":0.99999994},"magnitude":477.300751,"sqrMagnitude":227816.0},"IsItemVisible":true},{"Position":{"y":4.0,"normalized":{"y":1.0,"magnitude":1.0,"sqrMagnitude":1.0},"magnitude":4.0,"sqrMagnitude":16.0},"SizeDelta":{"x":200.0,"y":200.0,"normalized":{"x":0.707106769,"y":0.707106769,"magnitude":1.0,"sqrMagnitude":0.99999994},"magnitude":282.8427,"sqrMagnitude":80000.0},"AnchorMin":{"y":1.0,"magnitude":1.0,"sqrMagnitude":1.0},"AnchorMax":{"y":1.0,"magnitude":1.0,"sqrMagnitude":1.0},"AnchoredPosition":{"x":500.0,"y":-596.0,"normalized":{"x":0.6427096,"y":-0.7661099,"magnitude":1.0,"sqrMagnitude":1.0},"magnitude":777.9563,"sqrMagnitude":605216.0},"IsItemVisible":true},{"Position":{"x":330.0,"y":153.999969,"normalized":{"x":0.9061831,"y":0.4228854,"normalized":{"x":0.9061832,"y":0.422885418,"magnitude":1.0,"sqrMagnitude":1.0},"magnitude":0.99999994,"sqrMagnitude":0.9999999},"magnitude":364.1648,"sqrMagnitude":132615.984},"SizeDelta":{"x":200.0,"y":200.0,"normalized":{"x":0.707106769,"y":0.707106769,"magnitude":1.0,"sqrMagnitude":0.99999994},"magnitude":282.8427,"sqrMagnitude":80000.0},"AnchorMin":{"y":1.0,"magnitude":1.0,"sqrMagnitude":1.0},"AnchorMax":{"y":1.0,"magnitude":1.0,"sqrMagnitude":1.0},"AnchoredPosition":{"x":830.0,"y":-446.000031,"normalized":{"x":0.8808797,"y":-0.473340183,"magnitude":1.0,"sqrMagnitude":1.0},"magnitude":942.2399,"sqrMagnitude":887816.0},"IsItemVisible":true},{"Position":{"y":403.999969,"normalized":{"y":1.0,"magnitude":1.0,"sqrMagnitude":1.0},"magnitude":403.999969,"sqrMagnitude":163215.969},"SizeDelta":{"x":200.0,"y":200.0,"normalized":{"x":0.707106769,"y":0.707106769,"magnitude":1.0,"sqrMagnitude":0.99999994},"magnitude":282.8427,"sqrMagnitude":80000.0},"AnchorMin":{"y":1.0,"magnitude":1.0,"sqrMagnitude":1.0},"AnchorMax":{"y":1.0,"magnitude":1.0,"sqrMagnitude":1.0},"AnchoredPosition":{"x":500.0,"y":-196.000031,"normalized":{"x":0.9310228,"y":-0.364961,"magnitude":1.0,"sqrMagnitude":1.0},"magnitude":537.043762,"sqrMagnitude":288416.0},"IsItemVisible":true}]}