{"Rects":[{"Position":{"x":-100.0,"y":100.0,"normalized":{"x":-0.707106769,"y":0.707106769,"magnitude":1.0,"sqrMagnitude":0.99999994},"magnitude":141.421356,"sqrMagnitude":20000.0},"SizeDelta":{"x":200.0,"y":200.0,"normalized":{"x":0.707106769,"y":0.707106769,"magnitude":1.0,"sqrMagnitude":0.99999994},"magnitude":282.8427,"sqrMagnitude":80000.0},"AnchorMin":{"y":1.0,"magnitude":1.0,"sqrMagnitude":1.0},"AnchorMax":{"y":1.0,"magnitude":1.0,"sqrMagnitude":1.0},"AnchoredPosition":{"x":400.0,"y":-500.0,"normalized":{"x":0.624695,"y":-0.780868769,"normalized":{"x":0.624695063,"y":-0.7808688,"magnitude":1.0,"sqrMagnitude":1.0},"magnitude":0.99999994,"sqrMagnitude":0.9999999},"magnitude":640.312439,"sqrMagnitude":410000.0},"IsItemVisible":true},{"Position":{"x":100.0,"y":100.0,"normalized":{"x":0.707106769,"y":0.707106769,"magnitude":1.0,"sqrMagnitude":0.99999994},"magnitude":141.421356,"sqrMagnitude":20000.0},"SizeDelta":{"x":200.0,"y":200.0,"normalized":{"x":0.707106769,"y":0.707106769,"magnitude":1.0,"sqrMagnitude":0.99999994},"magnitude":282.8427,"sqrMagnitude":80000.0},"AnchorMin":{"y":1.0,"magnitude":1.0,"sqrMagnitude":1.0},"AnchorMax":{"y":1.0,"magnitude":1.0,"sqrMagnitude":1.0},"AnchoredPosition":{"x":600.0,"y":-500.0,"normalized":{"x":0.768221259,"y":-0.6401844,"magnitude":1.0,"sqrMagnitude":1.0},"magnitude":781.024963,"sqrMagnitude":610000.0},"IsItemVisible":true},{"Position":{"x":-100.0,"y":-100.0,"normalized":{"x":-0.707106769,"y":-0.707106769,"magnitude":1.0,"sqrMagnitude":0.99999994},"magnitude":141.421356,"sqrMagnitude":20000.0},"SizeDelta":{"x":200.0,"y":200.0,"normalized":{"x":0.707106769,"y":0.707106769,"magnitude":1.0,"sqrMagnitude":0.99999994},"magnitude":282.8427,"sqrMagnitude":80000.0},"AnchorMin":{"y":1.0,"magnitude":1.0,"sqrMagnitude":1.0},"AnchorMax":{"y":1.0,"magnitude":1.0,"sqrMagnitude":1.0},"AnchoredPosition":{"x":400.0,"y":-700.0,"normalized":{"x":0.49613893,"y":-0.868243158,"magnitude":1.0,"sqrMagnitude":1.0},"magnitude":806.225769,"sqrMagnitude":650000.0},"IsItemVisible":true},{"Position":{"x":100.0,"y":-100.0,"normalized":{"x":0.707106769,"y":-0.707106769,"magnitude":1.0,"sqrMagnitude":0.99999994},"magnitude":141.421356,"sqrMagnitude":20000.0},"SizeDelta":{"x":200.0,"y":200.0,"normalized":{"x":0.707106769,"y":0.707106769,"magnitude":1.0,"sqrMagnitude":0.99999994},"magnitude":282.8427,"sqrMagnitude":80000.0},"AnchorMin":{"y":1.0,"magnitude":1.0,"sqrMagnitude":1.0},"AnchorMax":{"y":1.0,"magnitude":1.0,"sqrMagnitude":1.0},"AnchoredPosition":{"x":600.0,"y":-700.0,"normalized":{"x":0.650791347,"y":-0.7592566,"magnitude":1.0,"sqrMagnitude":0.99999994},"magnitude":921.954468,"sqrMagnitude":850000.0},"IsItemVisible":true}]}