{"Rects":[{"Position":{"y":300.0,"normalized":{"y":1.0,"magnitude":1.0,"sqrMagnitude":1.0},"magnitude":300.0,"sqrMagnitude":90000.0},"SizeDelta":{"x":200.0,"y":200.0,"normalized":{"x":0.707106769,"y":0.707106769,"magnitude":1.0,"sqrMagnitude":0.99999994},"magnitude":282.8427,"sqrMagnitude":80000.0},"AnchorMin":{"y":1.0,"magnitude":1.0,"sqrMagnitude":1.0},"AnchorMax":{"y":1.0,"magnitude":1.0,"sqrMagnitude":1.0},"AnchoredPosition":{"x":500.0,"y":-300.0,"normalized":{"x":0.857492864,"y":-0.51449573,"normalized":{"x":0.8574929,"y":-0.5144958,"magnitude":1.0,"sqrMagnitude":1.0},"magnitude":0.99999994,"sqrMagnitude":0.9999999},"magnitude":583.0952,"sqrMagnitude":340000.0},"IsItemVisible":true},{"Position":{"x":250.0,"y":-200.0,"normalized":{"x":0.780868769,"y":-0.624695,"normalized":{"x":0.7808688,"y":-0.624695063,"magnitude":1.0,"sqrMagnitude":1.0},"magnitude":0.99999994,"sqrMagnitude":0.9999999},"magnitude":320.156219,"sqrMagnitude":102500.0},"SizeDelta":{"x":200.0,"y":200.0,"normalized":{"x":0.707106769,"y":0.707106769,"magnitude":1.0,"sqrMagnitude":0.99999994},"magnitude":282.8427,"sqrMagnitude":80000.0},"AnchorMin":{"y":1.0,"magnitude":1.0,"sqrMagnitude":1.0},"AnchorMax":{"y":1.0,"magnitude":1.0,"sqrMagnitude":1.0},"AnchoredPosition":{"x":750.0,"y":-800.0,"normalized":{"x":0.6839411,"y":-0.729537249,"magnitude":1.0,"sqrMagnitude":1.00000012},"magnitude":1096.58557,"sqrMagnitude":1202500.0},"IsItemVisible":true},{"Position":{"x":-250.0,"y":-200.0,"normalized":{"x":-0.780868769,"y":-0.624695,"normalized":{"x":-0.7808688,"y":-0.624695063,"magnitude":1.0,"sqrMagnitude":1.0},"magnitude":0.99999994,"sqrMagnitude":0.9999999},"magnitude":320.156219,"sqrMagnitude":102500.0},"SizeDelta":{"x":200.0,"y":200.0,"normalized":{"x":0.707106769,"y":0.707106769,"magnitude":1.0,"sqrMagnitude":0.99999994},"magnitude":282.8427,"sqrMagnitude":80000.0},"AnchorMin":{"y":1.0,"magnitude":1.0,"sqrMagnitude":1.0},"AnchorMax":{"y":1.0,"magnitude":1.0,"sqrMagnitude":1.0},"AnchoredPosition":{"x":250.0,"y":-800.0,"normalized":{"x":0.298275,"y":-0.95448,"magnitude":1.0,"sqrMagnitude":1.0},"magnitude":838.1527,"sqrMagnitude":702500.0},"IsItemVisible":true}]}