{"Rects":[{"Position":{"x":-330.0,"y":400.0,"normalized":{"x":-0.636383,"y":0.771373332,"normalized":{"x":-0.636382937,"y":0.7713732,"normalized":{"x":-0.636383,"y":0.7713733,"magnitude":1.0,"sqrMagnitude":1.0},"magnitude":0.99999994,"sqrMagnitude":0.9999999},"magnitude":1.00000012,"sqrMagnitude":1.00000012},"magnitude":518.555664,"sqrMagnitude":268900.0},"SizeDelta":{"x":200.0,"y":200.0,"normalized":{"x":0.707106769,"y":0.707106769,"magnitude":1.0,"sqrMagnitude":0.99999994},"magnitude":282.8427,"sqrMagnitude":80000.0},"AnchorMin":{"y":1.0,"magnitude":1.0,"sqrMagnitude":1.0},"AnchorMax":{"y":1.0,"magnitude":1.0,"sqrMagnitude":1.0},"AnchoredPosition":{"x":170.0,"y":-200.0,"normalized":{"x":0.6476484,"y":-0.7619393,"normalized":{"x":0.647648454,"y":-0.761939347,"magnitude":1.0,"sqrMagnitude":1.00000012},"magnitude":0.99999994,"sqrMagnitude":0.99999994},"magnitude":262.4881,"sqrMagnitude":68900.0},"IsItemVisible":true},{"Position":{"y":400.0,"normalized":{"y":1.0,"magnitude":1.0,"sqrMagnitude":1.0},"magnitude":400.0,"sqrMagnitude":160000.0},"SizeDelta":{"x":200.0,"y":200.0,"normalized":{"x":0.707106769,"y":0.707106769,"magnitude":1.0,"sqrMagnitude":0.99999994},"magnitude":282.8427,"sqrMagnitude":80000.0},"AnchorMin":{"y":1.0,"magnitude":1.0,"sqrMagnitude":1.0},"AnchorMax":{"y":1.0,"magnitude":1.0,"sqrMagnitude":1.0},"AnchoredPosition":{"x":500.0,"y":-200.0,"normalized":{"x":0.9284767,"y":-0.371390671,"magnitude":1.0,"sqrMagnitude":1.0},"magnitude":538.5165,"sqrMagnitude":290000.0},"IsItemVisible":true},{"Position":{"x":330.0,"y":400.0,"normalized":{"x":0.636383,"y":0.771373332,"normalized":{"x":0.636382937,"y":0.7713732,"normalized":{"x":0.636383,"y":0.7713733,"magnitude":1.0,"sqrMagnitude":1.0},"magnitude":0.99999994,"sqrMagnitude":0.9999999},"magnitude":1.00000012,"sqrMagnitude":1.00000012},"magnitude":518.555664,"sqrMagnitude":268900.0},"SizeDelta":{"x":200.0,"y":200.0,"normalized":{"x":0.707106769,"y":0.707106769,"magnitude":1.0,"sqrMagnitude":0.99999994},"magnitude":282.8427,"sqrMagnitude":80000.0},"AnchorMin":{"y":1.0,"magnitude":1.0,"sqrMagnitude":1.0},"AnchorMax":{"y":1.0,"magnitude":1.0,"sqrMagnitude":1.0},"AnchoredPosition":{"x":830.0,"y":-200.0,"normalized":{"x":0.9721742,"y":-0.23425886,"magnitude":1.0,"sqrMagnitude":0.99999994},"magnitude":853.7564,"sqrMagnitude":728900.0},"IsItemVisible":true},{"Position":{"x":-330.0,"y":-250.0,"normalized":{"x":-0.79709214,"y":-0.6038577,"magnitude":1.0,"sqrMagnitude":1.0},"magnitude":414.004822,"sqrMagnitude":171400.0},"SizeDelta":{"x":200.0,"y":200.0,"normalized":{"x":0.707106769,"y":0.707106769,"magnitude":1.0,"sqrMagnitude":0.99999994},"magnitude":282.8427,"sqrMagnitude":80000.0},"AnchorMin":{"y":1.0,"magnitude":1.0,"sqrMagnitude":1.0},"AnchorMax":{"y":1.0,"magnitude":1.0,"sqrMagnitude":1.0},"AnchoredPosition":{"x":170.0,"y":-850.0,"normalized":{"x":0.196116135,"y":-0.9805807,"magnitude":1.0,"sqrMagnitude":1.0},"magnitude":866.8333,"sqrMagnitude":751400.0},"IsItemVisible":true},{"Position":{"y":-400.0,"normalized":{"y":-1.0,"magnitude":1.0,"sqrMagnitude":1.0},"magnitude":400.0,"sqrMagnitude":160000.0},"SizeDelta":{"x":200.0,"y":200.0,"normalized":{"x":0.707106769,"y":0.707106769,"magnitude":1.0,"sqrMagnitude":0.99999994},"magnitude":282.8427,"sqrMagnitude":80000.0},"AnchorMin":{"y":1.0,"magnitude":1.0,"sqrMagnitude":1.0},"AnchorMax":{"y":1.0,"magnitude":1.0,"sqrMagnitude":1.0},"AnchoredPosition":{"x":500.0,"y":-1000.0,"normalized":{"x":0.44721362,"y":-0.89442724,"magnitude":1.0,"sqrMagnitude":1.00000012},"magnitude":1118.03394,"sqrMagnitude":1250000.0},"IsItemVisible":true},{"Position":{"x":330.0,"y":-250.0,"normalized":{"x":0.79709214,"y":-0.6038577,"magnitude":1.0,"sqrMagnitude":1.0},"magnitude":414.004822,"sqrMagnitude":171400.0},"SizeDelta":{"x":200.0,"y":200.0,"normalized":{"x":0.707106769,"y":0.707106769,"magnitude":1.0,"sqrMagnitude":0.99999994},"magnitude":282.8427,"sqrMagnitude":80000.0},"AnchorMin":{"y":1.0,"magnitude":1.0,"sqrMagnitude":1.0},"AnchorMax":{"y":1.0,"magnitude":1.0,"sqrMagnitude":1.0},"AnchoredPosition":{"x":830.0,"y":-850.0,"normalized":{"x":0.698639333,"y":-0.715474,"magnitude":1.0,"sqrMagnitude":1.0},"magnitude":1188.02356,"sqrMagnitude":1411400.0},"IsItemVisible":true},{"SizeDelta":{"x":200.0,"y":200.0,"normalized":{"x":0.707106769,"y":0.707106769,"magnitude":1.0,"sqrMagnitude":0.99999994},"magnitude":282.8427,"sqrMagnitude":80000.0},"AnchorMin":{"y":1.0,"magnitude":1.0,"sqrMagnitude":1.0},"AnchorMax":{"y":1.0,"magnitude":1.0,"sqrMagnitude":1.0},"AnchoredPosition":{"x":500.0,"y":-600.0,"normalized":{"x":0.6401844,"y":-0.768221259,"magnitude":1.0,"sqrMagnitude":1.0},"magnitude":781.024963,"sqrMagnitude":610000.0},"IsItemVisible":true}]}