{"Rects":[{"Position":{"x":-330.0,"y":150.0,"normalized":{"x":-0.9103664,"y":0.413802922,"normalized":{"x":-0.9103665,"y":0.413802952,"magnitude":1.0,"sqrMagnitude":1.0},"magnitude":0.99999994,"sqrMagnitude":0.9999999},"magnitude":362.4914,"sqrMagnitude":131400.0},"SizeDelta":{"x":200.0,"y":200.0,"normalized":{"x":0.707106769,"y":0.707106769,"magnitude":1.0,"sqrMagnitude":0.99999994},"magnitude":282.8427,"sqrMagnitude":80000.0},"AnchorMin":{"y":1.0,"magnitude":1.0,"sqrMagnitude":1.0},"AnchorMax":{"y":1.0,"magnitude":1.0,"sqrMagnitude":1.0},"AnchoredPosition":{"x":170.0,"y":-450.0,"normalized":{"x":0.3534006,"y":-0.935472131,"magnitude":1.0,"sqrMagnitude":1.00000012},"magnitude":481.040527,"sqrMagnitude":231400.0},"IsItemVisible":true},{"Position":{"y":300.0,"normalized":{"y":1.0,"magnitude":1.0,"sqrMagnitude":1.0},"magnitude":300.0,"sqrMagnitude":90000.0},"SizeDelta":{"x":200.0,"y":200.0,"normalized":{"x":0.707106769,"y":0.707106769,"magnitude":1.0,"sqrMagnitude":0.99999994},"magnitude":282.8427,"sqrMagnitude":80000.0},"AnchorMin":{"y":1.0,"magnitude":1.0,"sqrMagnitude":1.0},"AnchorMax":{"y":1.0,"magnitude":1.0,"sqrMagnitude":1.0},"AnchoredPosition":{"x":500.0,"y":-300.0,"normalized":{"x":0.857492864,"y":-0.51449573,"normalized":{"x":0.8574929,"y":-0.5144958,"magnitude":1.0,"sqrMagnitude":1.0},"magnitude":0.99999994,"sqrMagnitude":0.9999999},"magnitude":583.0952,"sqrMagnitude":340000.0},"IsItemVisible":true},{"Position":{"x":330.0,"y":150.0,"normalized":{"x":0.9103664,"y":0.413802922,"normalized":{"x":0.9103665,"y":0.413802952,"magnitude":1.0,"sqrMagnitude":1.0},"magnitude":0.99999994,"sqrMagnitude":0.9999999},"magnitude":362.4914,"sqrMagnitude":131400.0},"SizeDelta":{"x":200.0,"y":200.0,"normalized":{"x":0.707106769,"y":0.707106769,"magnitude":1.0,"sqrMagnitude":0.99999994},"magnitude":282.8427,"sqrMagnitude":80000.0},"AnchorMin":{"y":1.0,"magnitude":1.0,"sqrMagnitude":1.0},"AnchorMax":{"y":1.0,"magnitude":1.0,"sqrMagnitude":1.0},"AnchoredPosition":{"x":830.0,"y":-450.0,"normalized":{"x":0.879107058,"y":-0.4766243,"magnitude":1.0,"sqrMagnitude":0.99999994},"magnitude":944.139832,"sqrMagnitude":891400.0},"IsItemVisible":true},{"Position":{"x":-330.0,"y":-150.0,"normalized":{"x":-0.9103664,"y":-0.413802922,"normalized":{"x":-0.9103665,"y":-0.413802952,"magnitude":1.0,"sqrMagnitude":1.0},"magnitude":0.99999994,"sqrMagnitude":0.9999999},"magnitude":362.4914,"sqrMagnitude":131400.0},"SizeDelta":{"x":200.0,"y":200.0,"normalized":{"x":0.707106769,"y":0.707106769,"magnitude":1.0,"sqrMagnitude":0.99999994},"magnitude":282.8427,"sqrMagnitude":80000.0},"AnchorMin":{"y":1.0,"magnitude":1.0,"sqrMagnitude":1.0},"AnchorMax":{"y":1.0,"magnitude":1.0,"sqrMagnitude":1.0},"AnchoredPosition":{"x":170.0,"y":-750.0,"normalized":{"x":0.221059039,"y":-0.975260437,"magnitude":1.0,"sqrMagnitude":1.0},"magnitude":769.0253,"sqrMagnitude":591400.0},"IsItemVisible":true},{"Position":{"y":-300.0,"normalized":{"y":-1.0,"magnitude":1.0,"sqrMagnitude":1.0},"magnitude":300.0,"sqrMagnitude":90000.0},"SizeDelta":{"x":200.0,"y":200.0,"normalized":{"x":0.707106769,"y":0.707106769,"magnitude":1.0,"sqrMagnitude":0.99999994},"magnitude":282.8427,"sqrMagnitude":80000.0},"AnchorMin":{"y":1.0,"magnitude":1.0,"sqrMagnitude":1.0},"AnchorMax":{"y":1.0,"magnitude":1.0,"sqrMagnitude":1.0},"AnchoredPosition":{"x":500.0,"y":-900.0,"normalized":{"x":0.48564294,"y":-0.8741573,"magnitude":1.0,"sqrMagnitude":1.00000012},"magnitude":1029.563,"sqrMagnitude":1060000.0},"IsItemVisible":true},{"Position":{"x":330.0,"y":-150.0,"normalized":{"x":0.9103664,"y":-0.413802922,"normalized":{"x":0.9103665,"y":-0.413802952,"magnitude":1.0,"sqrMagnitude":1.0},"magnitude":0.99999994,"sqrMagnitude":0.9999999},"magnitude":362.4914,"sqrMagnitude":131400.0},"SizeDelta":{"x":200.0,"y":200.0,"normalized":{"x":0.707106769,"y":0.707106769,"magnitude":1.0,"sqrMagnitude":0.99999994},"magnitude":282.8427,"sqrMagnitude":80000.0},"AnchorMin":{"y":1.0,"magnitude":1.0,"sqrMagnitude":1.0},"AnchorMax":{"y":1.0,"magnitude":1.0,"sqrMagnitude":1.0},"AnchoredPosition":{"x":830.0,"y":-750.0,"normalized":{"x":0.7419592,"y":-0.670445,"magnitude":1.0,"sqrMagnitude":1.0},"magnitude":1118.65991,"sqrMagnitude":1251400.0},"IsItemVisible":true}]}